--
-- PostgreSQL database dump
--

-- Dumped from database version 10.14 (Ubuntu 10.14-0ubuntu0.18.04.1)
-- Dumped by pg_dump version 10.14 (Ubuntu 10.14-0ubuntu0.18.04.1)

SET statement_timeout = 0;
SET lock_timeout = 0;
SET idle_in_transaction_session_timeout = 0;
SET client_encoding = 'UTF8';
SET standard_conforming_strings = on;
SELECT pg_catalog.set_config('search_path', '', false);
SET check_function_bodies = false;
SET xmloption = content;
SET client_min_messages = warning;
SET row_security = off;

ALTER TABLE IF EXISTS ONLY public.products DROP CONSTRAINT IF EXISTS products_pkey;
ALTER TABLE IF EXISTS ONLY public.orders DROP CONSTRAINT IF EXISTS orders_pkey;
ALTER TABLE IF EXISTS ONLY public.carts DROP CONSTRAINT IF EXISTS carts_pkey;
ALTER TABLE IF EXISTS ONLY public."cartItems" DROP CONSTRAINT IF EXISTS "cartItems_pkey";
ALTER TABLE IF EXISTS public.products ALTER COLUMN "productId" DROP DEFAULT;
ALTER TABLE IF EXISTS public.orders ALTER COLUMN "orderId" DROP DEFAULT;
ALTER TABLE IF EXISTS public.carts ALTER COLUMN "cartId" DROP DEFAULT;
ALTER TABLE IF EXISTS public."cartItems" ALTER COLUMN "cartItemId" DROP DEFAULT;
DROP SEQUENCE IF EXISTS public."products_productId_seq";
DROP TABLE IF EXISTS public.products;
DROP SEQUENCE IF EXISTS public."orders_orderId_seq";
DROP TABLE IF EXISTS public.orders;
DROP SEQUENCE IF EXISTS public."carts_cartId_seq";
DROP TABLE IF EXISTS public.carts;
DROP SEQUENCE IF EXISTS public."cartItems_cartItemId_seq";
DROP TABLE IF EXISTS public."cartItems";
DROP EXTENSION IF EXISTS plpgsql;
DROP SCHEMA IF EXISTS public;
--
-- Name: public; Type: SCHEMA; Schema: -; Owner: -
--

CREATE SCHEMA public;


--
-- Name: SCHEMA public; Type: COMMENT; Schema: -; Owner: -
--

COMMENT ON SCHEMA public IS 'standard public schema';


--
-- Name: plpgsql; Type: EXTENSION; Schema: -; Owner: -
--

CREATE EXTENSION IF NOT EXISTS plpgsql WITH SCHEMA pg_catalog;


--
-- Name: EXTENSION plpgsql; Type: COMMENT; Schema: -; Owner: -
--

COMMENT ON EXTENSION plpgsql IS 'PL/pgSQL procedural language';


SET default_tablespace = '';

SET default_with_oids = false;

--
-- Name: cartItems; Type: TABLE; Schema: public; Owner: -
--

CREATE TABLE public."cartItems" (
    "cartItemId" integer NOT NULL,
    "cartId" integer NOT NULL,
    "productId" integer NOT NULL,
    price integer NOT NULL
);


--
-- Name: cartItems_cartItemId_seq; Type: SEQUENCE; Schema: public; Owner: -
--

CREATE SEQUENCE public."cartItems_cartItemId_seq"
    AS integer
    START WITH 1
    INCREMENT BY 1
    NO MINVALUE
    NO MAXVALUE
    CACHE 1;


--
-- Name: cartItems_cartItemId_seq; Type: SEQUENCE OWNED BY; Schema: public; Owner: -
--

ALTER SEQUENCE public."cartItems_cartItemId_seq" OWNED BY public."cartItems"."cartItemId";


--
-- Name: carts; Type: TABLE; Schema: public; Owner: -
--

CREATE TABLE public.carts (
    "cartId" integer NOT NULL,
    "createdAt" timestamp(6) with time zone DEFAULT now() NOT NULL
);


--
-- Name: carts_cartId_seq; Type: SEQUENCE; Schema: public; Owner: -
--

CREATE SEQUENCE public."carts_cartId_seq"
    AS integer
    START WITH 1
    INCREMENT BY 1
    NO MINVALUE
    NO MAXVALUE
    CACHE 1;


--
-- Name: carts_cartId_seq; Type: SEQUENCE OWNED BY; Schema: public; Owner: -
--

ALTER SEQUENCE public."carts_cartId_seq" OWNED BY public.carts."cartId";


--
-- Name: orders; Type: TABLE; Schema: public; Owner: -
--

CREATE TABLE public.orders (
    "orderId" integer NOT NULL,
    "cartId" integer NOT NULL,
    name text NOT NULL,
    "creditCard" text NOT NULL,
    "shippingAddress" text NOT NULL,
    "createdAt" timestamp(6) with time zone DEFAULT now() NOT NULL
);


--
-- Name: orders_orderId_seq; Type: SEQUENCE; Schema: public; Owner: -
--

CREATE SEQUENCE public."orders_orderId_seq"
    AS integer
    START WITH 1
    INCREMENT BY 1
    NO MINVALUE
    NO MAXVALUE
    CACHE 1;


--
-- Name: orders_orderId_seq; Type: SEQUENCE OWNED BY; Schema: public; Owner: -
--

ALTER SEQUENCE public."orders_orderId_seq" OWNED BY public.orders."orderId";


--
-- Name: products; Type: TABLE; Schema: public; Owner: -
--

CREATE TABLE public.products (
    "productId" integer NOT NULL,
    name text NOT NULL,
    price integer NOT NULL,
    image text NOT NULL,
    "shortDescription" text NOT NULL,
    "longDescription" text NOT NULL
);


--
-- Name: products_productId_seq; Type: SEQUENCE; Schema: public; Owner: -
--

CREATE SEQUENCE public."products_productId_seq"
    AS integer
    START WITH 1
    INCREMENT BY 1
    NO MINVALUE
    NO MAXVALUE
    CACHE 1;


--
-- Name: products_productId_seq; Type: SEQUENCE OWNED BY; Schema: public; Owner: -
--

ALTER SEQUENCE public."products_productId_seq" OWNED BY public.products."productId";


--
-- Name: cartItems cartItemId; Type: DEFAULT; Schema: public; Owner: -
--

ALTER TABLE ONLY public."cartItems" ALTER COLUMN "cartItemId" SET DEFAULT nextval('public."cartItems_cartItemId_seq"'::regclass);


--
-- Name: carts cartId; Type: DEFAULT; Schema: public; Owner: -
--

ALTER TABLE ONLY public.carts ALTER COLUMN "cartId" SET DEFAULT nextval('public."carts_cartId_seq"'::regclass);


--
-- Name: orders orderId; Type: DEFAULT; Schema: public; Owner: -
--

ALTER TABLE ONLY public.orders ALTER COLUMN "orderId" SET DEFAULT nextval('public."orders_orderId_seq"'::regclass);


--
-- Name: products productId; Type: DEFAULT; Schema: public; Owner: -
--

ALTER TABLE ONLY public.products ALTER COLUMN "productId" SET DEFAULT nextval('public."products_productId_seq"'::regclass);


--
-- Data for Name: cartItems; Type: TABLE DATA; Schema: public; Owner: -
--

COPY public."cartItems" ("cartItemId", "cartId", "productId", price) FROM stdin;
1	7	5	9900
2	8	5	9900
3	8	5	9900
4	8	5	9900
5	8	1	2999
6	9	3	2900
7	9	3	2900
8	9	2	2595
9	9	5	9900
10	9	1	2999
11	10	1	2999
12	10	2	2595
13	10	3	2900
14	14	7	6660
15	14	9	1993
\.


--
-- Data for Name: carts; Type: TABLE DATA; Schema: public; Owner: -
--

COPY public.carts ("cartId", "createdAt") FROM stdin;
1	2020-09-17 12:42:53.93511-07
2	2020-09-17 12:48:06.910218-07
3	2020-09-17 12:49:27.60216-07
4	2020-09-17 12:50:00.290629-07
5	2020-09-17 12:52:25.637236-07
6	2020-09-17 12:52:47.883036-07
7	2020-09-17 13:06:17.57197-07
8	2020-09-17 13:12:04.675335-07
9	2020-09-17 16:16:21.679243-07
10	2020-09-28 11:56:58.768386-07
\.


--
-- Data for Name: orders; Type: TABLE DATA; Schema: public; Owner: -
--

COPY public.orders ("orderId", "cartId", name, "creditCard", "shippingAddress", "createdAt") FROM stdin;
\.


--
-- Data for Name: products; Type: TABLE DATA; Schema: public; Owner: -
--

COPY public.products ("productId", name, price, image, "shortDescription", "longDescription") FROM stdin;
1	Cube	1800	/images/cube.jpg	The Boskke Cube is a self - watering planter that is perfect for herbs and houseplants. Recommended for both green and brown thumbs, simply fill the cube with water and let the plant absorb the water through the terra - cotta base and have fresh herb ingredients for any meal.	Pellentesque habitant morbi tristique senectus et netus et malesuada fames ac turpis egestas.Vestibulum tortor quam, feugiat vitae, ultricies eget, tempor sit amet, ante. Donec eu libero sit amet quam egestas semper. Aenean ultricies mi vitae est. Mauris placerat eleifend leo.
2	Big Iron	2400	/images/big-iron.jpg	Big Iron adds a traditional and simple Japanese look to any bookshelf. Designed in 1965 by Shotaro Miya.	Pellentesque habitant morbi tristique senectus et netus et malesuada fames ac turpis egestas. Vestibulum tortor quam, feugiat vitae, ultricies eget, tempor sit amet, ante. Donec eu libero sit amet quam egestas semper. Aenean ultricies mi vitae est. Mauris placerat eleifend leo.
3	Vessel	900	/images/vessel.jpg	Meet Vessel. Vessel is shy and bashful, and likes collecting spoons.Cuddle up with this 100 % organically grown plant.	Pellentesque habitant morbi tristique senectus et netus et malesuada fames ac turpis egestas. Vestibulum tortor quam, feugiat vitae, ultricies eget, tempor sit amet, ante. Donec eu libero sit amet quam egestas semper. Aenean ultricies mi vitae est. Mauris placerat eleifend leo.
4	Nourished	2000	/images/nourished.jpg	This e-book takes you through the history of Dieter Rams ’ 30 plus years at Braun. Written by Sophie Lovell and a forward by Apple ’ s Senior Vice President of Design, Jony Ivy..	Pellentesque habitant morbi tristique senectus et netus et malesuada fames ac turpis egestas. Vestibulum tortor quam, feugiat vitae, ultricies eget, tempor sit amet, mante. Donec eu libero sit amet quam egestas semper. Aenean ultricies mi vitae est. Mauris placerat eleifend leo.
5	Oak Tray	2300	/images/oak-tray.jpg	Lorem ipsum dolor sit amet, consectetur adipiscing elit. Nullam ullamcorper egestas ipsum, sed bibendum purus sodales hendrerit. Fusce porttitor mi placerat diam viverra finibus tristique vitae neque. Curabitur a porttitor mauris.	Pellentesque habitant morbi tristique senectus et netus et malesuada fames ac turpis egestas. Vestibulum tortor quam, feugiat vitae, ultricies eget, tempor sit amet, ante. Donec eu libero sit amet quam egestas semper. Aenean ultricies mi vitae est. Mauris placerat eleifend leo.
6	Shapemaker	1200	/images/shapemaker.jpg	These colorful wood blocks inspire endless creativity. Shapes, colors, and the designs on each block allow you to create fun faces and patterns.	These colorful wood blocks inspire endless creativity. Shapes, colors, and the designs on each block allow you to create fun faces and patterns.
\.


--
-- Name: cartItems_cartItemId_seq; Type: SEQUENCE SET; Schema: public; Owner: -
--

SELECT pg_catalog.setval('public."cartItems_cartItemId_seq"', 15, true);


--
-- Name: carts_cartId_seq; Type: SEQUENCE SET; Schema: public; Owner: -
--

SELECT pg_catalog.setval('public."carts_cartId_seq"', 10, true);


--
-- Name: orders_orderId_seq; Type: SEQUENCE SET; Schema: public; Owner: -
--

SELECT pg_catalog.setval('public."orders_orderId_seq"', 1, false);


--
-- Name: products_productId_seq; Type: SEQUENCE SET; Schema: public; Owner: -
--

SELECT pg_catalog.setval('public."products_productId_seq"', 1, false);


--
-- Name: cartItems cartItems_pkey; Type: CONSTRAINT; Schema: public; Owner: -
--

ALTER TABLE ONLY public."cartItems"
    ADD CONSTRAINT "cartItems_pkey" PRIMARY KEY ("cartItemId");


--
-- Name: carts carts_pkey; Type: CONSTRAINT; Schema: public; Owner: -
--

ALTER TABLE ONLY public.carts
    ADD CONSTRAINT carts_pkey PRIMARY KEY ("cartId");


--
-- Name: orders orders_pkey; Type: CONSTRAINT; Schema: public; Owner: -
--

ALTER TABLE ONLY public.orders
    ADD CONSTRAINT orders_pkey PRIMARY KEY ("orderId");


--
-- Name: products products_pkey; Type: CONSTRAINT; Schema: public; Owner: -
--

ALTER TABLE ONLY public.products
    ADD CONSTRAINT products_pkey PRIMARY KEY ("productId");


--
-- Name: SCHEMA public; Type: ACL; Schema: -; Owner: -
--

GRANT ALL ON SCHEMA public TO PUBLIC;


--
-- PostgreSQL database dump complete
--

