--
-- PostgreSQL database dump
--

-- Dumped from database version 10.12 (Ubuntu 10.12-0ubuntu0.18.04.1)
-- Dumped by pg_dump version 10.12 (Ubuntu 10.12-0ubuntu0.18.04.1)

SET statement_timeout = 0;
SET lock_timeout = 0;
SET idle_in_transaction_session_timeout = 0;
SET client_encoding = 'UTF8';
SET standard_conforming_strings = on;
SELECT pg_catalog.set_config('search_path', '', false);
SET check_function_bodies = false;
SET xmloption = content;
SET client_min_messages = warning;
SET row_security = off;

ALTER TABLE IF EXISTS ONLY public.products DROP CONSTRAINT IF EXISTS products_pkey;
ALTER TABLE IF EXISTS ONLY public.orders DROP CONSTRAINT IF EXISTS orders_pkey;
ALTER TABLE IF EXISTS ONLY public.carts DROP CONSTRAINT IF EXISTS carts_pkey;
ALTER TABLE IF EXISTS ONLY public."cartItems" DROP CONSTRAINT IF EXISTS "cartItems_pkey";
ALTER TABLE IF EXISTS public.products ALTER COLUMN "productId" DROP DEFAULT;
ALTER TABLE IF EXISTS public.orders ALTER COLUMN "orderId" DROP DEFAULT;
ALTER TABLE IF EXISTS public.carts ALTER COLUMN "cartId" DROP DEFAULT;
ALTER TABLE IF EXISTS public."cartItems" ALTER COLUMN "cartItemId" DROP DEFAULT;
DROP SEQUENCE IF EXISTS public."products_productId_seq";
DROP TABLE IF EXISTS public.products;
DROP SEQUENCE IF EXISTS public."orders_orderId_seq";
DROP TABLE IF EXISTS public.orders;
DROP SEQUENCE IF EXISTS public."carts_cartId_seq";
DROP TABLE IF EXISTS public.carts;
DROP SEQUENCE IF EXISTS public."cartItems_cartItemId_seq";
DROP TABLE IF EXISTS public."cartItems";
DROP EXTENSION IF EXISTS plpgsql;
DROP SCHEMA IF EXISTS public;
--
-- Name: public; Type: SCHEMA; Schema: -; Owner: -
--

CREATE SCHEMA public;


--
-- Name: SCHEMA public; Type: COMMENT; Schema: -; Owner: -
--

COMMENT ON SCHEMA public IS 'standard public schema';


--
-- Name: plpgsql; Type: EXTENSION; Schema: -; Owner: -
--

CREATE EXTENSION IF NOT EXISTS plpgsql WITH SCHEMA pg_catalog;


--
-- Name: EXTENSION plpgsql; Type: COMMENT; Schema: -; Owner: -
--

COMMENT ON EXTENSION plpgsql IS 'PL/pgSQL procedural language';


SET default_tablespace = '';

SET default_with_oids = false;

--
-- Name: cartItems; Type: TABLE; Schema: public; Owner: -
--

CREATE TABLE public."cartItems" (
    "cartItemId" integer NOT NULL,
    "cartId" integer NOT NULL,
    "productId" integer NOT NULL,
    price integer NOT NULL
);


--
-- Name: cartItems_cartItemId_seq; Type: SEQUENCE; Schema: public; Owner: -
--

CREATE SEQUENCE public."cartItems_cartItemId_seq"
    AS integer
    START WITH 1
    INCREMENT BY 1
    NO MINVALUE
    NO MAXVALUE
    CACHE 1;


--
-- Name: cartItems_cartItemId_seq; Type: SEQUENCE OWNED BY; Schema: public; Owner: -
--

ALTER SEQUENCE public."cartItems_cartItemId_seq" OWNED BY public."cartItems"."cartItemId";


--
-- Name: carts; Type: TABLE; Schema: public; Owner: -
--

CREATE TABLE public.carts (
    "cartId" integer NOT NULL,
    "createdAt" timestamp(6) with time zone DEFAULT now() NOT NULL
);


--
-- Name: carts_cartId_seq; Type: SEQUENCE; Schema: public; Owner: -
--

CREATE SEQUENCE public."carts_cartId_seq"
    AS integer
    START WITH 1
    INCREMENT BY 1
    NO MINVALUE
    NO MAXVALUE
    CACHE 1;


--
-- Name: carts_cartId_seq; Type: SEQUENCE OWNED BY; Schema: public; Owner: -
--

ALTER SEQUENCE public."carts_cartId_seq" OWNED BY public.carts."cartId";


--
-- Name: orders; Type: TABLE; Schema: public; Owner: -
--

CREATE TABLE public.orders (
    "orderId" integer NOT NULL,
    "cartId" integer NOT NULL,
    name text NOT NULL,
    "creditCard" text NOT NULL,
    "shippingAddress" text NOT NULL,
    "createdAt" timestamp(6) with time zone DEFAULT now() NOT NULL
);


--
-- Name: orders_orderId_seq; Type: SEQUENCE; Schema: public; Owner: -
--

CREATE SEQUENCE public."orders_orderId_seq"
    AS integer
    START WITH 1
    INCREMENT BY 1
    NO MINVALUE
    NO MAXVALUE
    CACHE 1;


--
-- Name: orders_orderId_seq; Type: SEQUENCE OWNED BY; Schema: public; Owner: -
--

ALTER SEQUENCE public."orders_orderId_seq" OWNED BY public.orders."orderId";


--
-- Name: products; Type: TABLE; Schema: public; Owner: -
--

CREATE TABLE public.products (
    "productId" integer NOT NULL,
    name text NOT NULL,
    price integer NOT NULL,
    image text NOT NULL,
    "shortDescription" text NOT NULL,
    "longDescription" text NOT NULL
);


--
-- Name: products_productId_seq; Type: SEQUENCE; Schema: public; Owner: -
--

CREATE SEQUENCE public."products_productId_seq"
    AS integer
    START WITH 1
    INCREMENT BY 1
    NO MINVALUE
    NO MAXVALUE
    CACHE 1;


--
-- Name: products_productId_seq; Type: SEQUENCE OWNED BY; Schema: public; Owner: -
--

ALTER SEQUENCE public."products_productId_seq" OWNED BY public.products."productId";


--
-- Name: cartItems cartItemId; Type: DEFAULT; Schema: public; Owner: -
--

ALTER TABLE ONLY public."cartItems" ALTER COLUMN "cartItemId" SET DEFAULT nextval('public."cartItems_cartItemId_seq"'::regclass);


--
-- Name: carts cartId; Type: DEFAULT; Schema: public; Owner: -
--

ALTER TABLE ONLY public.carts ALTER COLUMN "cartId" SET DEFAULT nextval('public."carts_cartId_seq"'::regclass);


--
-- Name: orders orderId; Type: DEFAULT; Schema: public; Owner: -
--

ALTER TABLE ONLY public.orders ALTER COLUMN "orderId" SET DEFAULT nextval('public."orders_orderId_seq"'::regclass);


--
-- Name: products productId; Type: DEFAULT; Schema: public; Owner: -
--

ALTER TABLE ONLY public.products ALTER COLUMN "productId" SET DEFAULT nextval('public."products_productId_seq"'::regclass);


--
-- Data for Name: cartItems; Type: TABLE DATA; Schema: public; Owner: -
--

COPY public."cartItems" ("cartItemId", "cartId", "productId", price) FROM stdin;
1	7	5	9900
2	8	5	9900
3	8	5	9900
4	8	5	9900
5	8	1	2999
6	9	3	2900
7	9	3	2900
8	9	2	2595
9	9	5	9900
10	9	1	2999
11	10	1	2999
12	10	2	2595
13	10	3	2900
14	14	7	6660
15	14	9	1993
\.


--
-- Data for Name: carts; Type: TABLE DATA; Schema: public; Owner: -
--

COPY public.carts ("cartId", "createdAt") FROM stdin;
1	2020-09-17 14:42:53.93511-05
2	2020-09-17 14:48:06.910218-05
3	2020-09-17 14:49:27.60216-05
4	2020-09-17 14:50:00.290629-05
5	2020-09-17 14:52:25.637236-05
6	2020-09-17 14:52:47.883036-05
7	2020-09-17 15:06:17.57197-05
8	2020-09-17 15:12:04.675335-05
9	2020-09-17 18:16:21.679243-05
10	2020-09-28 13:56:58.768386-05
\.


--
-- Data for Name: orders; Type: TABLE DATA; Schema: public; Owner: -
--

COPY public.orders ("orderId", "cartId", name, "creditCard", "shippingAddress", "createdAt") FROM stdin;
\.


--
-- Data for Name: products; Type: TABLE DATA; Schema: public; Owner: -
--

COPY public.products ("productId", name, price, image, "shortDescription", "longDescription") FROM stdin;
7	Cauldron	6660	/images/cauldron-product.jpg	Forged in the heart of a dragon, this cauldron is guaranteed not to scratch or crack, even when brewing the strongest of poisons!	Coated with carbonized pixie dust, this cauldron ensures a pure brew every time. Each cauldron comes with a double lifetime warranty, for you and your reincarnation. Clap on heating spells convenience for you, enabling potion making on-the-go. Tap the rim with your wand to enable time-stasis, so you can finish your potion after looking for the missing salamander tail!
8	Spell Book	666	/images/spell-book.png	Full of the common and useful spells for the practicing witch, this spell book will be your handy guide for day to day witching.	Tired of forgetting how to cast a cleaning charm? Worried that you might misspeak when summoning a simple cleaning imp? Can’t remember exactly where those lay lines lie? Then this compendium of magical knowledge is the spell book for you! Use the command spell “find” to quickly flip to the page that contains your spell, eliminating the need for a bookmark.
9	Witch Hat	1993	/images/witch-hat.jpg	This stylish hat curves so that it can fit under low hanging door frames and beams, perfect for taller witches.	This hat was designed by the ever decrepit Mrs. Bones. She says of this hat, “Practicality and fashion should go hand in hand, and it was with that in mind that I created this hat. The creases along the hat actually amplify magical intonations, boosting spell power by 15%!”. Truely, a magical hat brought to you by the world’s most magical pile of bones.
10	Potion Collection	3940	/images/potions.jpg	Why go through the hassle of brewing basic potions? This collection of everyday brews will keep you stocked for weeks.	Gone are the days when witches had a month to wait to gather enough sunbeam for bottled sunbeam. Gone are the days when mermaids could be found on every rock this side of the british channel. The modern witch has no time to spare, but these potions are used in even the most basic of brews. What’s a girl to do?Well, worry no longer! This collection has been put together by professional warlocks specialized in procuring the purest and hardest to find ingredients. This collection of common potions will keep you brewing for as long as you need, and your first refill is on us
11	Crystal Ball	5580	/images/crystal-ball.jpg	The latest in clairvoyant technology, this crystal ball contains a dimensional oscillator so you can peer into multiple universes!	There is no trouble with foggy visions with this crystal ball. A helper imp, using complex binding rituals, is imprisoned within the aether shell of the crystal, locked out of time and committed to keeping your crystal ball clear! Our customers are very impressed with the “favorites” feature, allowing you to save common divination requests so that you can save time on lengthy rituals. It also features notifications, so you can stay up to date with the daily happenings of your divination target.
12	Broomstick	2000	/images/broomsticks.jpg	Each of these fantastic broomsticks is handmade upon order by tree goblins in Tanzania, making them a wonderful, unique addition to your commute.	Some thought the tree goblins of Tanzania a myth, their artifacts cleverly concocted by enterprising hooligans. Ever since their civilization was confirmed via WBC, their products have been difficult, if not impossible, to come by. We have received an exclusive deal to distribute their one-of-a-kind broomsticks to the world, and we could not be happier about it! Each one is a work of art, and the speed and handling far outclasses the gingersnap model of yesteryear. Don’t be left in the dust! Pick one up for yourself, and be on the cutting edge of broomstick tech!
\.


--
-- Name: cartItems_cartItemId_seq; Type: SEQUENCE SET; Schema: public; Owner: -
--

SELECT pg_catalog.setval('public."cartItems_cartItemId_seq"', 15, true);


--
-- Name: carts_cartId_seq; Type: SEQUENCE SET; Schema: public; Owner: -
--

SELECT pg_catalog.setval('public."carts_cartId_seq"', 10, true);


--
-- Name: orders_orderId_seq; Type: SEQUENCE SET; Schema: public; Owner: -
--

SELECT pg_catalog.setval('public."orders_orderId_seq"', 1, false);


--
-- Name: products_productId_seq; Type: SEQUENCE SET; Schema: public; Owner: -
--

SELECT pg_catalog.setval('public."products_productId_seq"', 1, false);


--
-- Name: cartItems cartItems_pkey; Type: CONSTRAINT; Schema: public; Owner: -
--

ALTER TABLE ONLY public."cartItems"
    ADD CONSTRAINT "cartItems_pkey" PRIMARY KEY ("cartItemId");


--
-- Name: carts carts_pkey; Type: CONSTRAINT; Schema: public; Owner: -
--

ALTER TABLE ONLY public.carts
    ADD CONSTRAINT carts_pkey PRIMARY KEY ("cartId");


--
-- Name: orders orders_pkey; Type: CONSTRAINT; Schema: public; Owner: -
--

ALTER TABLE ONLY public.orders
    ADD CONSTRAINT orders_pkey PRIMARY KEY ("orderId");


--
-- Name: products products_pkey; Type: CONSTRAINT; Schema: public; Owner: -
--

ALTER TABLE ONLY public.products
    ADD CONSTRAINT products_pkey PRIMARY KEY ("productId");


--
-- Name: SCHEMA public; Type: ACL; Schema: -; Owner: -
--

GRANT ALL ON SCHEMA public TO PUBLIC;


--
-- PostgreSQL database dump complete
--
